<?xml version="1.0" encoding="UTF-8"?>
<project-private xmlns="http://www.netbeans.org/ns/project-private/1">
    <editor-bookmarks xmlns="http://www.netbeans.org/ns/editor-bookmarks/2" lastBookmarkId="0"/>
    <open-files xmlns="http://www.netbeans.org/ns/projectui-open-files/2">
        <group>
            <file>file:/C:/Users/rbtwa/OneDrive/Documents/Education/Fall%202017/CIT%20260%20Object-Oriented%20Programming/Week%2010/CIT260-Cook-Wagner-Nelson-master/Joseph%20In%20Egypt/src/byui/cit260/josephInEgypt/exceptions/CropExceptions.java</file>
            <file>file:/C:/Users/rbtwa/OneDrive/Documents/Education/Fall%202017/CIT%20260%20Object-Oriented%20Programming/Week%2010/CIT260-Cook-Wagner-Nelson-master/Joseph%20In%20Egypt/src/josephInEgypt/control/CropsControl.java</file>
            <file>file:/C:/Users/rbtwa/OneDrive/Documents/Education/Fall%202017/CIT%20260%20Object-Oriented%20Programming/Week%2010/CIT260-Cook-Wagner-Nelson-master/Joseph%20In%20Egypt/test/byui/cit260/josephInEgypt/view/StartProgramViewTest.java</file>
            <file>file:/C:/Users/rbtwa/OneDrive/Documents/Education/Fall%202017/CIT%20260%20Object-Oriented%20Programming/Week%2010/CIT260-Cook-Wagner-Nelson-master/Joseph%20In%20Egypt/src/josephInEgypt/control/CropsView.java</file>
            <file>file:/C:/Users/rbtwa/OneDrive/Documents/Education/Fall%202017/CIT%20260%20Object-Oriented%20Programming/Week%2010/CIT260-Cook-Wagner-Nelson-master/Joseph%20In%20Egypt/src/byui/cit260/joseph/in/egypt/JosephInEgypt.java</file>
            <file>file:/C:/Users/rbtwa/OneDrive/Documents/Education/Fall%202017/CIT%20260%20Object-Oriented%20Programming/Week%2010/CIT260-Cook-Wagner-Nelson-master/Joseph%20In%20Egypt/src/byui/cit260/josephInEgypt/model/Map.java</file>
            <file>file:/C:/Users/rbtwa/OneDrive/Documents/Education/Fall%202017/CIT%20260%20Object-Oriented%20Programming/Week%2010/CIT260-Cook-Wagner-Nelson-master/Joseph%20In%20Egypt/src/byui/cit260/josephInEgypt/model/Crops.java</file>
            <file>file:/C:/Users/rbtwa/OneDrive/Documents/Education/Fall%202017/CIT%20260%20Object-Oriented%20Programming/Week%2010/CIT260-Cook-Wagner-Nelson-master/Joseph%20In%20Egypt/src/byui/cit260/josephInEgypt/view/GameMenuView.java</file>
            <file>file:/C:/Users/rbtwa/OneDrive/Documents/Education/Fall%202017/CIT%20260%20Object-Oriented%20Programming/Week%2010/CIT260-Cook-Wagner-Nelson-master/Joseph%20In%20Egypt/src/byui/cit260/josephInEgypt/model/Game.java</file>
        </group>
    </open-files>
</project-private>
